customer_name,signup_date
Adam Perez,2022-03-04
Adele Frazier,2022-03-04
Adeline Conner,2022-03-20
Alberta Holland,2022-03-17
Alejandro Payne,2022-03-08
Alejandro Terry,2022-06-28
Andre Nguyen,2022-02-28
Angel Shaw,2022-02-27
Anthony Fitzgerald,2022-04-05
Austin Jones,2022-03-30
Barbara Figueroa,2022-02-27
Betty Duncan,2022-04-07
Bill Warren,2022-03-12
Billy Vasquez,2022-06-11
Blanche Burgess,2022-04-10
Blanche Lewis,2022-08-24
Bobby Mitchell,2022-03-15
Brandon Kim,2022-04-07
Brent Warren,2022-03-29
Bryan Vega,2022-03-06
Carl Newman,2022-03-02
Carolyn Christensen,2022-04-09
Catherine Greene,2022-03-11
Cecelia Olson,2022-03-05
Charles Marsh,2022-02-26
Claudia Stokes,2022-03-04
Clifford Knight,2022-04-07
Cornelia Bell,2022-03-12
David Nelson,2022-03-19
Delia Craig,2022-03-07
Dora Tate,2022-05-03
Dorothy Christensen,2022-02-27
Duane Haynes,2022-03-29
Edgar Gibbs,2022-03-28
Edwin Harvey,2022-02-25
Edwin Hodges,2022-03-03
Elmer Morris,2022-03-21
Eric Kennedy,2022-03-30
Ernest Hines,2022-03-29
Esther Daniel,2022-05-15
Ethel Walker,2022-04-18
Eugene Fowler,2022-03-15
Fannie Herrera,2022-03-01
Fanny Gibson,2022-02-25
Fanny Hall,2022-03-17
Frederick Reed,2022-05-08
Frederick Watts,2022-03-15
Georgia Stokes,2022-04-26
Gussie Berry,2022-04-10
Hattie Martinez,2022-03-24
Hattie Stevens,2022-03-03
Helen Norman,2022-03-18
Herbert Yates,2022-06-22
Inez Andrews,2022-03-18
Jane Vaughn,2022-03-17
Jean Moreno,2022-04-07
Jeff Warner,2022-03-06
Jeffrey Roberson,2022-03-23
Jessie Payne,2022-02-28
Johanna Young,2022-04-06
Johnny Lyons,2022-02-28
Kate Riley,2022-03-08
Lida Stewart,2022-03-15
Luella Higgins,2022-02-27
Lura McLaughlin,2022-03-05
Lydia Paul,2022-03-13
Mable Riley,2022-03-09
Marc Elliott,2022-03-30
Marguerite Nunez,2022-03-15
Maria Gonzales,2022-04-10
Marian Collier,2022-04-02
Matilda Strickland,2022-03-07
Max Lewis,2022-03-05
May Thomas,2022-08-21
Miguel Johnston,2022-03-25
Mike Gordon,2022-02-25
Mike Lawrence,2022-04-30
Minerva Hodges,2022-04-11
Noah Ortega,2022-06-11
Ollie Nelson,2022-05-12
Ophelia Roberson,2022-04-29
Philip Lambert,2022-02-27
Ralph Hamilton,2022-04-01
Ray Webster,2022-03-21
Rena Soto,2022-03-12
Rosa Fisher,2022-03-04
Samuel Phelps,2022-04-28
Sean Cummings,2022-03-05
Steve Ramos,2022-04-10
Tom Rivera,2022-03-17
Tommy Cain,2022-06-16
Tony Mitchell,2022-04-11
Verna McCoy,2022-02-27
Verna West,2022-04-21
Viola Gordon,2022-05-22
Wesley Warren,2022-04-04
Willie Francis,2022-03-11
Willie Howard,2022-03-16
Winnie Burke,2022-04-12
